<?xml version="1.0" encoding="UTF-8"?>
<!DOCTYPE mapper PUBLIC "-//mybatis.org//DTD Mapper 3.0//EN" "http://mybatis.org/dtd/mybatis-3-mapper.dtd">

<mapper namespace="com.rainng.coursesystem.dao.mapper.MajorMapper">
    <select id="getPage" resultType="MajorItemVO">
        SELECT major_id AS 'id', major_name AS 'name', department_name AS 'departmentName'
        FROM rc_major
        JOIN rc_department ON major_department_id = department_id
        <where>
            <if test="departmentName != null and departmentName != ''">
                AND department_name LIKE CONCAT('%',#{departmentName},'%')
            </if>
            <if test="name != null and name != ''">
                AND major_name LIKE CONCAT('%',#{name},'%')
            </if>
        </where>
    </select>

    <select id="count" resultType="Integer">
        SELECT COUNT(*)
        FROM rc_major
        JOIN rc_department ON major_department_id = department_id
        <where>
            <if test="departmentName != null and departmentName != ''">
                AND department_name LIKE CONCAT('%',#{departmentName},'%')
            </if>
            <if test="name != null and name != ''">
                AND major_name LIKE CONCAT('%',#{name},'%')
            </if>
        </where>
    </select>
</mapper>